{
  "trf": [
    {
      "trainingTitle": "JavaTrainning for Testing Pool",
      "intiatedFrom": "Vikas Pandharpurkar",
      "trainingType": "FRW(Future Ready Workforce)",
      "projectName": "Jd",
      "resourceType": "On Bench",
      "duration": "30",
      "count": "15",
      "skillsImparted": "Java",
      "purposeOfTraining": "Capablity Building",
      "startDate": "2023-06-06",
      "endDate": "2023-07-05",
      "id": 1
    },
    {
      "trainingTitle": "Aws",
      "intiatedFrom": "Maruti",
      "trainingType": "FRW(Future Ready Workforce)",
      "projectName": "jd",
      "resourceType": "On Bench",
      "duration": "1",
      "count": "30",
      "skillsImparted": "Basic cloud concept",
      "purposeOfTraining": "Capablity Building",
      "startDate": "2023-06-06",
      "endDate": "2023-07-06",
      "id": 2
    },
    {
      "trainingTitle": "Advance Java",
      "intiatedFrom": "Abir",
      "trainingType": "Project Specific",
      "projectName": "bny",
      "resourceType": "On Bench",
      "duration": "1",
      "count": "18",
      "skillsImparted": "java basic",
      "purposeOfTraining": "Knowledge Building",
      "startDate": "2023-06-07",
      "endDate": "2023-08-07",
      "id": 3
    },
    {
      "trainingTitle": "java",
      "intiatedFrom": "abir",
      "trainingType": "FRW(Future Ready Workforce)",
      "projectName": "jd",
      "resourceType": "Fresher",
      "duration": "30",
      "count": "15",
      "skillsImparted": "basic java",
      "purposeOfTraining": "know",
      "startDate": "2023-06-29",
      "endDate": "2023-07-18",
      "id": 4
    }
  ],
  "profile": {
    "name": "typicode"
  }
}